{
  "todos": {
    "Coordinator": {
      "1": {
        "id": "1",
        "content": "Review README.md alignment with new design system",
        "details": "Analyze current README content against the new tri-tone color system, Singapore localization, and aesthetic improvements. Identify gaps and update opportunities.",
        "status": "completed",
        "priority": "high"
      },
      "2": {
        "id": "2",
        "content": "Update visual design references and badges",
        "details": "Add tri-tone color system mentions, Singapore localization badges, and update progress status. Include new aesthetic achievements.",
        "status": "completed",
        "priority": "high"
      },
      "3": {
        "id": "3",
        "content": "Update project status and progress metrics",
        "details": "Update progress from 87.5% (7/8 phases) to reflect Phase 7 completion and new Section 13: UI/UX Aesthetic Improvements addition to architecture document.",
        "status": "completed",
        "priority": "high"
      },
      "4": {
        "id": "4",
        "content": "Add Singapore localization highlights",
        "details": "Include CHAS healthcare system references, British English spelling, local trust signals, and cultural adaptation strategies in key features section.",
        "status": "completed",
        "priority": "medium"
      },
      "5": {
        "id": "5",
        "content": "Update documentation references",
        "details": "Update line counts and references to the architecture document (now 3,132 lines with Section 13). Add UI/UX aesthetic improvements documentation.",
        "status": "completed",
        "priority": "medium"
      }
    }
  }
}