{
  "todos": {
    "Coordinator": {
      "1": {
        "id": "1",
        "content": "Create comprehensive GitHub README.md file",
        "details": "Generate a professional README.md with: project description, features, tech stack, setup instructions, deployment guide, API documentation, testing instructions, database setup, and contribution guidelines",
        "status": "completed",
        "priority": "high"
      },
      "2": {
        "id": "2",
        "content": "Generate optimized .gitignore file",
        "details": "Create a project-specific .gitignore file that excludes: node_modules, .next, test-results, browser data, environment files, build outputs, and other Next.js/React specific files",
        "status": "completed",
        "priority": "high"
      },
      "3": {
        "id": "3",
        "content": "Create additional repository files",
        "details": "Generate CHANGELOG.md, CONTRIBUTING.md, LICENSE file, and repository structure documentation for professional GitHub presence",
        "status": "completed",
        "priority": "medium"
      },
      "4": {
        "id": "4",
        "content": "Update zip archive with new files",
        "details": "Recreate the zip archive to include all the new GitHub repository files for complete download package",
        "status": "in_progress",
        "priority": "medium"
      }
    }
  }
}